name,description,external_url,background_color,image
PAPAFAM #1,This is an access pass to the PAPAFAM,https://www.papareact.com/universityofcode,#F8AA0E,logo.png
PAPAFAM #2,This is an access pass to the PAPAFAM,https://www.papareact.com/universityofcode,#F8AA0E,logo.png
PAPAFAM #3,This is an access pass to the PAPAFAM,https://www.papareact.com/universityofcode,#F8AA0E,logo.png
PAPAFAM #4,This is an access pass to the PAPAFAM,https://www.papareact.com/universityofcode,#F8AA0E,logo.png
PAPAFAM #5,This is an access pass to the PAPAFAM,https://www.papareact.com/universityofcode,#F8AA0E,logo.png
PAPAFAM #6,This is an access pass to the PAPAFAM,https://www.papareact.com/universityofcode,#F8AA0E,logo.png
PAPAFAM #7,This is an access pass to the PAPAFAM,https://www.papareact.com/universityofcode,#F8AA0E,logo.png
PAPAFAM #8,This is an access pass to the PAPAFAM,https://www.papareact.com/universityofcode,#F8AA0E,logo.png
PAPAFAM #9,This is an access pass to the PAPAFAM,https://www.papareact.com/universityofcode,#F8AA0E,logo.png
PAPAFAM #10,This is an access pass to the PAPAFAM,https://www.papareact.com/universityofcode,#F8AA0E,logo.png
PAPAFAM #11,This is an access pass to the PAPAFAM,https://www.papareact.com/universityofcode,#F8AA0E,logo.png
PAPAFAM #12,This is an access pass to the PAPAFAM,https://www.papareact.com/universityofcode,#F8AA0E,logo.png
PAPAFAM #13,This is an access pass to the PAPAFAM,https://www.papareact.com/universityofcode,#F8AA0E,logo.png
PAPAFAM #14,This is an access pass to the PAPAFAM,https://www.papareact.com/universityofcode,#F8AA0E,logo.png
PAPAFAM #15,This is an access pass to the PAPAFAM,https://www.papareact.com/universityofcode,#F8AA0E,logo.png
PAPAFAM #16,This is an access pass to the PAPAFAM,https://www.papareact.com/universityofcode,#F8AA0E,logo.png
PAPAFAM #17,This is an access pass to the PAPAFAM,https://www.papareact.com/universityofcode,#F8AA0E,logo.png
PAPAFAM #18,This is an access pass to the PAPAFAM,https://www.papareact.com/universityofcode,#F8AA0E,logo.png
PAPAFAM #19,This is an access pass to the PAPAFAM,https://www.papareact.com/universityofcode,#F8AA0E,logo.png
PAPAFAM #20,This is an access pass to the PAPAFAM,https://www.papareact.com/universityofcode,#F8AA0E,logo.png
PAPAFAM #21,This is an access pass to the PAPAFAM,https://www.papareact.com/universityofcode,#F8AA0E,logo.png
PAPAFAM #22,This is an access pass to the PAPAFAM,https://www.papareact.com/universityofcode,#F8AA0E,logo.png
PAPAFAM #23,This is an access pass to the PAPAFAM,https://www.papareact.com/universityofcode,#F8AA0E,logo.png
PAPAFAM #24,This is an access pass to the PAPAFAM,https://www.papareact.com/universityofcode,#F8AA0E,logo.png
PAPAFAM #25,This is an access pass to the PAPAFAM,https://www.papareact.com/universityofcode,#F8AA0E,logo.png
PAPAFAM #26,This is an access pass to the PAPAFAM,https://www.papareact.com/universityofcode,#F8AA0E,logo.png
PAPAFAM #27,This is an access pass to the PAPAFAM,https://www.papareact.com/universityofcode,#F8AA0E,logo.png
PAPAFAM #28,This is an access pass to the PAPAFAM,https://www.papareact.com/universityofcode,#F8AA0E,logo.png
PAPAFAM #29,This is an access pass to the PAPAFAM,https://www.papareact.com/universityofcode,#F8AA0E,logo.png
PAPAFAM #30,This is an access pass to the PAPAFAM,https://www.papareact.com/universityofcode,#F8AA0E,logo.png
PAPAFAM #31,This is an access pass to the PAPAFAM,https://www.papareact.com/universityofcode,#F8AA0E,logo.png
PAPAFAM #32,This is an access pass to the PAPAFAM,https://www.papareact.com/universityofcode,#F8AA0E,logo.png
PAPAFAM #33,This is an access pass to the PAPAFAM,https://www.papareact.com/universityofcode,#F8AA0E,logo.png
PAPAFAM #34,This is an access pass to the PAPAFAM,https://www.papareact.com/universityofcode,#F8AA0E,logo.png
PAPAFAM #35,This is an access pass to the PAPAFAM,https://www.papareact.com/universityofcode,#F8AA0E,logo.png
PAPAFAM #36,This is an access pass to the PAPAFAM,https://www.papareact.com/universityofcode,#F8AA0E,logo.png
PAPAFAM #37,This is an access pass to the PAPAFAM,https://www.papareact.com/universityofcode,#F8AA0E,logo.png
PAPAFAM #38,This is an access pass to the PAPAFAM,https://www.papareact.com/universityofcode,#F8AA0E,logo.png
PAPAFAM #39,This is an access pass to the PAPAFAM,https://www.papareact.com/universityofcode,#F8AA0E,logo.png
PAPAFAM #40,This is an access pass to the PAPAFAM,https://www.papareact.com/universityofcode,#F8AA0E,logo.png
PAPAFAM #41,This is an access pass to the PAPAFAM,https://www.papareact.com/universityofcode,#F8AA0E,logo.png
PAPAFAM #42,This is an access pass to the PAPAFAM,https://www.papareact.com/universityofcode,#F8AA0E,logo.png
PAPAFAM #43,This is an access pass to the PAPAFAM,https://www.papareact.com/universityofcode,#F8AA0E,logo.png
PAPAFAM #44,This is an access pass to the PAPAFAM,https://www.papareact.com/universityofcode,#F8AA0E,logo.png
PAPAFAM #45,This is an access pass to the PAPAFAM,https://www.papareact.com/universityofcode,#F8AA0E,logo.png
PAPAFAM #46,This is an access pass to the PAPAFAM,https://www.papareact.com/universityofcode,#F8AA0E,logo.png
PAPAFAM #47,This is an access pass to the PAPAFAM,https://www.papareact.com/universityofcode,#F8AA0E,logo.png
PAPAFAM #48,This is an access pass to the PAPAFAM,https://www.papareact.com/universityofcode,#F8AA0E,logo.png
PAPAFAM #49,This is an access pass to the PAPAFAM,https://www.papareact.com/universityofcode,#F8AA0E,logo.png
PAPAFAM #50,This is an access pass to the PAPAFAM,https://www.papareact.com/universityofcode,#F8AA0E,logo.png
PAPAFAM #51,This is an access pass to the PAPAFAM,https://www.papareact.com/universityofcode,#F8AA0E,logo.png
PAPAFAM #52,This is an access pass to the PAPAFAM,https://www.papareact.com/universityofcode,#F8AA0E,logo.png
PAPAFAM #53,This is an access pass to the PAPAFAM,https://www.papareact.com/universityofcode,#F8AA0E,logo.png
PAPAFAM #54,This is an access pass to the PAPAFAM,https://www.papareact.com/universityofcode,#F8AA0E,logo.png
PAPAFAM #55,This is an access pass to the PAPAFAM,https://www.papareact.com/universityofcode,#F8AA0E,logo.png
PAPAFAM #56,This is an access pass to the PAPAFAM,https://www.papareact.com/universityofcode,#F8AA0E,logo.png
PAPAFAM #57,This is an access pass to the PAPAFAM,https://www.papareact.com/universityofcode,#F8AA0E,logo.png
PAPAFAM #58,This is an access pass to the PAPAFAM,https://www.papareact.com/universityofcode,#F8AA0E,logo.png
PAPAFAM #59,This is an access pass to the PAPAFAM,https://www.papareact.com/universityofcode,#F8AA0E,logo.png
PAPAFAM #60,This is an access pass to the PAPAFAM,https://www.papareact.com/universityofcode,#F8AA0E,logo.png
PAPAFAM #61,This is an access pass to the PAPAFAM,https://www.papareact.com/universityofcode,#F8AA0E,logo.png
PAPAFAM #62,This is an access pass to the PAPAFAM,https://www.papareact.com/universityofcode,#F8AA0E,logo.png
PAPAFAM #63,This is an access pass to the PAPAFAM,https://www.papareact.com/universityofcode,#F8AA0E,logo.png
PAPAFAM #64,This is an access pass to the PAPAFAM,https://www.papareact.com/universityofcode,#F8AA0E,logo.png
PAPAFAM #65,This is an access pass to the PAPAFAM,https://www.papareact.com/universityofcode,#F8AA0E,logo.png
PAPAFAM #66,This is an access pass to the PAPAFAM,https://www.papareact.com/universityofcode,#F8AA0E,logo.png
PAPAFAM #67,This is an access pass to the PAPAFAM,https://www.papareact.com/universityofcode,#F8AA0E,logo.png
PAPAFAM #68,This is an access pass to the PAPAFAM,https://www.papareact.com/universityofcode,#F8AA0E,logo.png
PAPAFAM #69,This is an access pass to the PAPAFAM,https://www.papareact.com/universityofcode,#F8AA0E,logo.png
PAPAFAM #70,This is an access pass to the PAPAFAM,https://www.papareact.com/universityofcode,#F8AA0E,logo.png
PAPAFAM #71,This is an access pass to the PAPAFAM,https://www.papareact.com/universityofcode,#F8AA0E,logo.png
PAPAFAM #72,This is an access pass to the PAPAFAM,https://www.papareact.com/universityofcode,#F8AA0E,logo.png
PAPAFAM #73,This is an access pass to the PAPAFAM,https://www.papareact.com/universityofcode,#F8AA0E,logo.png
PAPAFAM #74,This is an access pass to the PAPAFAM,https://www.papareact.com/universityofcode,#F8AA0E,logo.png
PAPAFAM #75,This is an access pass to the PAPAFAM,https://www.papareact.com/universityofcode,#F8AA0E,logo.png
PAPAFAM #76,This is an access pass to the PAPAFAM,https://www.papareact.com/universityofcode,#F8AA0E,logo.png
PAPAFAM #77,This is an access pass to the PAPAFAM,https://www.papareact.com/universityofcode,#F8AA0E,logo.png
PAPAFAM #78,This is an access pass to the PAPAFAM,https://www.papareact.com/universityofcode,#F8AA0E,logo.png
PAPAFAM #79,This is an access pass to the PAPAFAM,https://www.papareact.com/universityofcode,#F8AA0E,logo.png
PAPAFAM #80,This is an access pass to the PAPAFAM,https://www.papareact.com/universityofcode,#F8AA0E,logo.png
PAPAFAM #81,This is an access pass to the PAPAFAM,https://www.papareact.com/universityofcode,#F8AA0E,logo.png
PAPAFAM #82,This is an access pass to the PAPAFAM,https://www.papareact.com/universityofcode,#F8AA0E,logo.png
PAPAFAM #83,This is an access pass to the PAPAFAM,https://www.papareact.com/universityofcode,#F8AA0E,logo.png
PAPAFAM #84,This is an access pass to the PAPAFAM,https://www.papareact.com/universityofcode,#F8AA0E,logo.png
PAPAFAM #85,This is an access pass to the PAPAFAM,https://www.papareact.com/universityofcode,#F8AA0E,logo.png
PAPAFAM #86,This is an access pass to the PAPAFAM,https://www.papareact.com/universityofcode,#F8AA0E,logo.png
PAPAFAM #87,This is an access pass to the PAPAFAM,https://www.papareact.com/universityofcode,#F8AA0E,logo.png
PAPAFAM #88,This is an access pass to the PAPAFAM,https://www.papareact.com/universityofcode,#F8AA0E,logo.png
PAPAFAM #89,This is an access pass to the PAPAFAM,https://www.papareact.com/universityofcode,#F8AA0E,logo.png
PAPAFAM #90,This is an access pass to the PAPAFAM,https://www.papareact.com/universityofcode,#F8AA0E,logo.png
PAPAFAM #91,This is an access pass to the PAPAFAM,https://www.papareact.com/universityofcode,#F8AA0E,logo.png
PAPAFAM #92,This is an access pass to the PAPAFAM,https://www.papareact.com/universityofcode,#F8AA0E,logo.png
PAPAFAM #93,This is an access pass to the PAPAFAM,https://www.papareact.com/universityofcode,#F8AA0E,logo.png
PAPAFAM #94,This is an access pass to the PAPAFAM,https://www.papareact.com/universityofcode,#F8AA0E,logo.png
PAPAFAM #95,This is an access pass to the PAPAFAM,https://www.papareact.com/universityofcode,#F8AA0E,logo.png
PAPAFAM #96,This is an access pass to the PAPAFAM,https://www.papareact.com/universityofcode,#F8AA0E,logo.png
PAPAFAM #97,This is an access pass to the PAPAFAM,https://www.papareact.com/universityofcode,#F8AA0E,logo.png
PAPAFAM #98,This is an access pass to the PAPAFAM,https://www.papareact.com/universityofcode,#F8AA0E,logo.png
PAPAFAM #99,This is an access pass to the PAPAFAM,https://www.papareact.com/universityofcode,#F8AA0E,logo.png
PAPAFAM #100,This is an access pass to the PAPAFAM,https://www.papareact.com/universityofcode,#F8AA0E,logo.png